window,true_start,true_end,pred_start,onset_type,latency_frames,latency_ms
0,0,200,14,carried,,
1,0,200,0,carried,,
2,0,200,0,carried,,
3,0,200,0,carried,,
4,0,200,0,carried,,
5,0,200,0,carried,,
6,0,200,0,carried,,
7,0,200,0,carried,,
8,0,200,0,carried,,
9,0,200,0,carried,,
10,0,200,0,carried,,
11,0,200,0,carried,,
12,0,200,1,carried,,
13,0,44,0,carried,,
16,120,200,141,measured,21,420.0
17,0,101,1,carried,,
18,157,200,190,measured,33,660.0
19,0,200,0,carried,,
20,0,161,0,carried,,
21,179,200,,missed,,
22,0,200,6,carried,,
23,0,200,1,carried,,
24,0,200,4,carried,,
25,0,138,0,carried,,
25,168,200,0,pre_active,0,0.0
26,0,200,0,carried,,
27,0,144,0,carried,,
32,61,200,92,measured,31,620.0
33,0,200,1,carried,,
34,0,200,0,carried,,
35,0,200,17,carried,,
36,0,200,0,carried,,
37,0,170,0,carried,,
38,19,200,47,measured,28,560.0
39,0,110,0,carried,,
41,22,200,49,measured,27,540.0
42,0,124,0,carried,,
47,0,200,1,carried,,
48,0,114,0,carried,,
54,74,200,1,pre_active,0,0.0
55,0,200,0,carried,,
56,0,59,0,carried,,
57,1,200,3,measured,2,40.0
58,0,200,0,carried,,
59,0,200,11,carried,,
60,0,44,1,carried,,
62,49,200,69,measured,20,400.0
63,0,200,0,carried,,
64,0,200,0,carried,,
65,0,200,0,carried,,
66,0,200,0,carried,,
67,0,197,0,carried,,
70,198,200,,missed,,
71,0,200,5,carried,,
72,0,200,1,carried,,
73,0,70,0,carried,,
73,127,200,0,pre_active,0,0.0
74,0,200,0,carried,,
75,0,200,0,carried,,
76,0,200,0,carried,,
77,0,200,0,carried,,
78,0,200,0,carried,,
79,0,200,4,carried,,
80,0,160,0,carried,,
83,48,200,57,measured,9,180.0
84,0,40,0,carried,,
84,151,200,172,measured,21,420.0
85,0,161,2,carried,,
85,182,200,2,pre_active,0,0.0
86,0,200,0,carried,,
87,0,89,0,carried,,
88,0,183,29,carried,,
89,13,141,29,measured,16,320.0
92,148,200,177,measured,29,580.0
93,0,200,0,carried,,
94,0,36,0,carried,,
97,59,200,0,pre_active,0,0.0
98,0,200,0,carried,,
99,0,200,1,carried,,
100,0,148,0,carried,,
101,22,170,47,measured,25,500.0
101,188,200,47,pre_active,0,0.0
102,0,200,12,carried,,
103,0,200,0,carried,,
104,0,200,0,carried,,
105,0,200,0,carried,,
106,0,200,12,carried,,
107,0,145,0,carried,,
109,43,200,66,measured,23,460.0
110,0,200,0,carried,,
111,0,200,0,carried,,
112,0,200,0,carried,,
113,0,79,0,carried,,
113,157,200,182,measured,25,500.0
114,0,200,0,carried,,
115,0,200,0,carried,,
116,0,200,2,carried,,
117,0,200,0,carried,,
118,0,39,0,carried,,
118,58,200,0,pre_active,0,0.0
119,0,200,5,carried,,
120,0,38,0,carried,,
126,132,200,149,measured,17,340.0
127,0,49,0,carried,,
127,55,200,0,pre_active,0,0.0
128,0,200,21,carried,,
129,0,199,0,carried,,
130,188,200,,missed,,
131,0,200,0,carried,,
132,0,200,0,carried,,
133,0,200,0,carried,,
134,0,200,0,carried,,
135,0,200,0,carried,,
136,0,53,0,carried,,
138,197,200,,missed,,
139,0,200,15,carried,,
140,0,200,0,carried,,
141,0,198,0,carried,,
143,0,200,22,carried,,
144,0,200,0,carried,,
145,0,200,0,carried,,
146,0,200,0,carried,,
147,0,200,0,carried,,
148,0,87,0,carried,,
152,3,200,24,measured,21,420.0
153,0,200,0,carried,,
154,0,36,0,carried,,
155,0,200,1,carried,,
156,0,200,0,carried,,
157,0,200,0,carried,,
158,0,200,2,carried,,
159,0,23,0,carried,,
162,105,200,114,measured,9,180.0
163,0,200,0,carried,,
164,0,200,0,carried,,
165,0,200,0,carried,,
166,0,200,15,carried,,
167,0,200,0,carried,,
168,0,200,0,carried,,
169,0,7,,missed,,
174,146,200,176,measured,30,600.0
175,0,198,0,carried,,
178,17,200,35,measured,18,360.0
179,0,200,0,carried,,
180,0,200,0,carried,,
181,0,145,0,carried,,
182,143,200,160,measured,17,340.0
183,0,49,0,carried,,
183,198,200,,missed,,
184,0,200,1,carried,,
185,0,200,41,carried,,
186,0,200,0,carried,,
187,0,98,0,carried,,
188,137,200,154,measured,17,340.0
189,0,200,0,carried,,
190,0,200,0,carried,,
191,0,200,1,carried,,
192,0,1,,missed,,
192,167,200,193,measured,26,520.0
193,0,200,0,carried,,
194,0,200,0,carried,,
195,0,200,0,carried,,
196,0,200,0,carried,,
197,0,200,0,carried,,
198,0,49,0,carried,,
200,1,200,2,measured,1,20.0
201,0,200,1,carried,,
202,0,198,0,carried,,
204,183,200,,missed,,
205,0,200,0,carried,,
206,0,200,0,carried,,
207,0,200,0,carried,,
208,0,200,0,carried,,
209,0,23,0,carried,,
212,109,200,131,measured,22,440.0
213,0,200,0,carried,,
214,0,200,4,carried,,
215,0,68,0,carried,,
216,93,200,114,measured,21,420.0
217,0,200,0,carried,,
218,0,21,0,carried,,
218,102,200,0,pre_active,0,0.0
219,0,132,0,carried,,
220,99,200,130,measured,31,620.0
221,0,200,0,carried,,
222,0,12,,missed,,
223,119,200,147,measured,28,560.0
224,0,200,0,carried,,
225,0,200,0,carried,,
226,0,200,4,carried,,
227,0,142,19,carried,,
231,37,200,65,measured,28,560.0
232,0,44,0,carried,,
233,148,200,184,measured,36,720.0
234,0,200,1,carried,,
235,0,200,0,carried,,
236,0,200,0,carried,,
237,0,30,0,carried,,
237,162,200,193,measured,31,620.0
238,0,200,0,carried,,
239,0,34,0,carried,,
239,181,200,,missed,,
240,0,200,0,carried,,
241,0,200,0,carried,,
242,0,74,13,carried,,
245,172,200,,missed,,
246,0,200,0,carried,,
247,0,200,0,carried,,
248,0,29,0,carried,,
248,131,200,0,pre_active,0,0.0
249,0,101,0,carried,,
249,171,200,0,pre_active,0,0.0
250,0,200,0,carried,,
251,0,200,0,carried,,
252,0,200,0,carried,,
253,0,200,0,carried,,
254,0,200,0,carried,,
255,0,200,0,carried,,
256,0,200,0,carried,,
257,0,182,0,carried,,
259,138,200,167,measured,29,580.0
260,0,73,0,carried,,
260,159,200,173,measured,14,280.0
261,0,200,0,carried,,
262,0,10,0,carried,,
262,166,200,187,measured,21,420.0
263,0,200,1,carried,,
264,0,200,0,carried,,
265,0,200,0,carried,,
266,0,52,0,carried,,
267,62,200,93,measured,31,620.0
268,0,200,0,carried,,
269,0,200,0,carried,,
270,0,200,0,carried,,
271,0,200,0,carried,,
272,0,200,0,carried,,
273,0,200,0,carried,,
274,0,200,29,carried,,
275,0,200,0,carried,,
276,0,200,0,carried,,
277,0,200,7,carried,,
278,0,200,0,carried,,
279,0,51,3,carried,,
279,70,200,93,measured,23,460.0
280,0,200,0,carried,,
281,0,200,0,carried,,
282,0,199,0,carried,,
283,79,200,111,measured,32,640.0
284,0,200,0,carried,,
285,0,200,14,carried,,
286,0,200,0,carried,,
287,0,200,1,carried,,
288,0,200,3,carried,,
289,0,200,0,carried,,
290,0,200,0,carried,,
291,0,156,0,carried,,
294,19,200,48,measured,29,580.0
295,0,84,1,carried,,
297,0,200,2,carried,,
298,0,200,0,carried,,
299,0,30,0,carried,,
301,0,200,6,carried,,
302,0,200,31,carried,,
303,0,200,0,carried,,
304,0,24,0,carried,,
304,148,200,179,measured,31,620.0
305,0,103,0,carried,,
308,25,200,41,measured,16,320.0
309,0,200,0,carried,,
310,0,200,0,carried,,
311,0,200,0,carried,,
312,0,200,0,carried,,
313,0,200,0,carried,,
314,0,200,2,carried,,
315,0,200,0,carried,,
316,0,200,0,carried,,
317,0,51,4,carried,,
319,110,200,122,measured,12,240.0
320,0,200,0,carried,,
321,0,200,0,carried,,
322,0,200,0,carried,,
323,0,200,0,carried,,
324,0,200,23,carried,,
325,0,200,0,carried,,
326,0,200,0,carried,,
327,0,131,13,carried,,
332,175,200,188,measured,13,260.0
333,0,200,0,carried,,
334,0,28,0,carried,,
335,31,200,49,measured,18,360.0
336,0,200,1,carried,,
337,0,200,31,carried,,
338,0,158,0,carried,,
339,132,200,161,measured,29,580.0
340,0,97,1,carried,,
341,81,200,96,measured,15,300.0
342,0,16,0,carried,,
342,184,200,,missed,,
343,0,200,16,carried,,
344,0,154,0,carried,,
348,107,200,128,measured,21,420.0
349,0,200,0,carried,,
350,0,200,1,carried,,
351,0,200,0,carried,,
352,0,200,0,carried,,
353,0,171,0,carried,,
359,85,200,101,measured,16,320.0
360,0,31,0,carried,,
360,87,200,106,measured,19,380.0
361,0,200,29,carried,,
362,0,200,0,carried,,
363,0,200,0,carried,,
364,0,200,0,carried,,
365,0,200,2,carried,,
366,0,6,,missed,,
366,52,200,80,measured,28,560.0
367,0,200,0,carried,,
368,0,128,0,carried,,
370,84,200,106,measured,22,440.0
371,0,200,0,carried,,
372,0,200,3,carried,,
373,0,31,0,carried,,
374,1,134,30,measured,29,580.0
375,8,200,0,pre_active,0,0.0
376,0,146,0,carried,,
380,0,200,1,carried,,
381,0,200,0,carried,,
382,0,200,3,carried,,
383,0,33,0,carried,,
384,15,200,46,measured,31,620.0
385,0,200,0,carried,,
386,0,200,0,carried,,
387,0,200,2,carried,,
388,0,151,0,carried,,
389,145,200,167,measured,22,440.0
390,0,200,19,carried,,
391,0,200,0,carried,,
392,0,200,0,carried,,
393,0,200,0,carried,,
394,0,200,0,carried,,
395,0,200,0,carried,,
396,0,151,0,carried,,
397,151,200,183,measured,32,640.0
398,0,95,1,carried,,
403,0,200,2,carried,,
404,0,200,0,carried,,
405,0,200,0,carried,,
406,0,118,1,carried,,
406,128,200,1,pre_active,0,0.0
407,0,200,0,carried,,
408,0,200,2,carried,,
409,0,200,8,carried,,
410,0,200,0,carried,,
411,0,52,0,carried,,
412,153,200,171,measured,18,360.0
413,0,200,4,carried,,
414,0,58,0,carried,,
415,43,200,61,measured,18,360.0
416,0,188,1,carried,,
422,111,200,139,measured,28,560.0
423,0,200,0,carried,,
424,0,200,0,carried,,
425,0,23,0,carried,,
426,61,200,74,measured,13,260.0
427,0,200,1,carried,,
428,0,200,2,carried,,
429,0,154,0,carried,,
431,165,200,187,measured,22,440.0
432,0,90,0,carried,,
432,182,200,185,measured,3,60.0
433,0,96,0,carried,,
434,0,200,0,carried,,
435,0,200,0,carried,,
436,0,44,0,carried,,
437,125,200,155,measured,30,600.0
438,0,200,0,carried,,
439,0,200,0,carried,,
440,0,127,0,carried,,
441,137,200,151,measured,14,280.0
442,0,108,0,carried,,
443,126,200,144,measured,18,360.0
444,0,200,0,carried,,
445,0,200,0,carried,,
446,0,200,0,carried,,
447,0,200,0,carried,,
448,0,200,0,carried,,
449,0,200,0,carried,,
450,0,58,4,carried,,
453,137,200,157,measured,20,400.0
454,0,200,0,carried,,
455,0,200,0,carried,,
456,0,200,0,carried,,
457,0,200,0,carried,,
458,0,200,0,carried,,
459,0,200,0,carried,,
460,0,200,0,carried,,
461,0,200,0,carried,,
462,0,200,0,carried,,
463,0,192,0,carried,,
466,194,200,,missed,,
467,0,200,0,carried,,
468,0,200,2,carried,,
469,0,200,0,carried,,
470,0,200,0,carried,,
471,0,200,1,carried,,
472,0,200,1,carried,,
473,0,129,1,carried,,
475,192,200,,missed,,
476,0,124,5,carried,,
479,112,200,133,measured,21,420.0
480,0,200,0,carried,,
481,0,200,3,carried,,
482,0,200,0,carried,,
483,0,93,0,carried,,
487,69,200,102,measured,33,660.0
488,0,200,0,carried,,
489,0,124,5,carried,,
489,128,200,5,pre_active,0,0.0
490,0,66,1,carried,,
493,0,200,1,carried,,
494,0,119,0,carried,,
498,142,200,164,measured,22,440.0
499,0,200,0,carried,,
500,0,200,0,carried,,
501,0,200,0,carried,,
502,0,98,1,carried,,
503,2,138,5,measured,3,60.0
504,33,200,63,measured,30,600.0
505,0,200,6,carried,,
506,0,200,18,carried,,
507,0,200,0,carried,,
508,0,200,13,carried,,
509,0,133,0,carried,,
511,164,200,178,measured,14,280.0
512,0,200,1,carried,,
513,0,200,0,carried,,
514,0,141,0,carried,,
517,0,200,19,carried,,
518,0,112,0,carried,,
520,41,200,71,measured,30,600.0
521,0,200,0,carried,,
522,0,200,0,carried,,
523,0,188,3,carried,,
527,1,162,1,measured,0,0.0
528,0,200,2,carried,,
529,0,200,0,carried,,
530,0,200,2,carried,,
531,0,1,,missed,,
534,78,197,92,measured,14,280.0
540,66,200,76,measured,10,200.0
